feature,importance
stop_sequence,0.19517305376767077
direction_id_1,0.10696007615836078
hour_sin,0.09674512913080534
temperature_2m,0.08085441262964552
wind_direction_10m,0.07228778841227555
dew_point_2m,0.06699842044323336
hour,0.057888096456646866
wind_gusts_10m,0.05376508938177338
wind_speed_10m,0.049748531442366316
hour_cos,0.03870722485772065
cloud_cover,0.026460954918791305
day_sin,0.02389782824628834
month_cos,0.01935460628255001
day_cos,0.018100111244325395
vacances_scolaires,0.014945668352634911
month_sin,0.011616637912500855
month,0.009509894429554328
snowfall,0.008830590980408884
day_of_week,0.007401422282816239
rain,0.005885177028157197
precipitation,0.0056469849039233735
soleil_leve,0.004645868537680136
est_jour_ferie,0.0035382625478908225
risque_gel_neige,0.0032381171552659177
weather_code_75,0.0029003732233219733
weather_code_1,0.0028900284994777484
weather_code_71,0.0022982669634866244
weather_code_51,0.0018476426573986752
weather_code_2,0.0017141901814022688
weather_code_3,0.001709667573291074
est_weekend,0.0010976784789001534
weather_code_73,0.0010866846198945002
weather_code_61,0.0010447497512997522
weather_code_55,0.000976154500853954
weather_code_53,0.0002346160473869779
risque_gel_pluie,0.0
neige_fondue,0.0
weather_code_63,0.0
