feature,importance
stop_sequence,0.1903015609885361
hour_sin,0.0989295611613567
direction_id_1,0.0950003190188815
temperature_2m,0.07195556898847702
dew_point_2m,0.06907024122799235
wind_direction_10m,0.06499515753633342
wind_gusts_10m,0.06157644358460974
hour,0.06067927669181767
wind_speed_10m,0.055099465959926805
hour_cos,0.05171059364176934
day_sin,0.02499187895291858
cloud_cover,0.023325455566957747
month_cos,0.02209664887110319
day_cos,0.015873651217110457
month_sin,0.01461271349825135
vacances_scolaires,0.012642458472746679
month,0.010564812786779586
day_of_week,0.007334007585209145
snowfall,0.007026813590827019
soleil_leve,0.005315638467181324
est_jour_ferie,0.005004078794823934
rain,0.00450546360794802
precipitation,0.004391379559961983
weather_code_3,0.003970311289235704
risque_gel_neige,0.0037499541815258957
weather_code_75,0.002158232667309857
weather_code_51,0.0020591871941253795
weather_code_1,0.0019418516386959957
weather_code_2,0.0019345437726310353
weather_code_55,0.0019002672327173818
weather_code_71,0.0016840530070700293
est_weekend,0.001342887783324239
weather_code_53,0.0008870639591782067
weather_code_73,0.0006065082250495948
neige_fondue,0.00039689653761222654
weather_code_63,0.00036505274000487355
risque_gel_pluie,0.0
weather_code_61,0.0
